,contra_control,off_induction,subject
0,1.9206376,1.7904716,0
1,1.5689253,1.4314036,1
2,1.1979629,1.0969955,2
3,1.2546517,1.21568,3
4,1.1848322,1.1508588,4
