,contra_control,off_induction,subject
0,1.7078785,1.7165803,0
1,1.2956755,1.2922062,1
2,1.2594601,1.3066398,2
3,1.1072286,1.2682228,3
4,1.7051097,1.7379605,4
