,contra_control,off_induction,subject
0,2.10829,2.20957,0
1,1.2957404,1.292337,1
2,1.2589769,1.3065861,2
3,1.1072323,1.2682251,3
4,1.7451245,1.803586,4
