,contra_control,off_induction,subject
0,1.5336787,1.4975204,0
1,1.517999,1.4468901,1
2,1.2205973,1.1715634,2
3,1.3056364,1.3001509,3
4,1.257779,1.254374,4
