"Dataset","Mouse_Line","Pair_Type","N_Pairs","N_Mice","N_Units","Beta","SE","Satt_t","Satt_df","Satt_p","KR_F","KR_df","KR_p","Cohens_f2","Singular_Fit"
"dfsom.csv","SOM","homeostatic",1292,10,262,-0.0118695803867242,0.00494843780750675,-2.39865202887225,8.43307128356226,0.041744328463853,5.41236017827702,8.47213966016466,0.0467078405702095,0.638842181004819,FALSE
"dfsom_fix.csv","SOM","fixed",637,10,231,-0.0066406786939225,0.0029798597529319,-2.22852054946166,5.28384671944224,0.0734285098566139,4.23424520607354,6.99944319557827,0.0786315272177914,0.604940291357521,FALSE
"dfacr.csv","ACR","homeostatic",1139,7,216,-0.00567595279235292,0.00212542412082144,-2.67050361231398,159.372924235576,0.00835918245595321,6.69878395072547,5.38778506961027,0.0456157584392906,1.24332798435295,TRUE
"dfacr_fix.csv","ACR","fixed",590,7,206,-0.00119697109069811,0.00213894962332296,-0.559606957380584,27.2943253442195,0.580311337243823,0.279245802023823,4.86153488695057,0.620418439951051,0.0574398432835237,TRUE
"dfhalo.csv","HALO","homeostatic",438,7,127,-0.00220402959709151,0.00336950263332353,-0.654111255261895,5.98369545146767,0.537353189037701,0.389675979138023,5.58582337361074,0.557084721927213,0.0697616005867604,TRUE
"dfhalo_fix.csv","HALO","fixed",181,7,109,0.000742069694656729,0.00390334955189689,0.190111002048512,4.87352452261574,0.856886189355461,0.0339807408523089,5.68776829920325,0.86014329766534,0.00597435392314925,FALSE
