,contra_control,off_induction,subject
0,0.835968007212478,1.0048509984471843,0
1,0.9859133011713987,0.8621843415556657,1
2,0.9128585469270825,0.8272813511940508,2
