,pauses,subject,condition
0,8.866666666666667,0,early_sd
1,6.25,1,early_sd
2,5.4,2,early_sd
3,6.95,3,early_sd
4,3.933333333333333,4,early_sd
5,6.766666666666667,5,early_sd
6,0.016666666666666666,6,early_sd
7,5.55,7,early_sd
8,0.0,8,early_sd
0,9.630974385577067,0,stim
1,4.166882315420693,1,stim
2,5.640758894644374,2,stim
3,6.602821836187164,3,stim
4,0.3069781624410215,4,stim
5,6.621724378520248,5,stim
6,0.1549142766045464,6,stim
7,6.037866407437216,7,stim
8,0.06426439809471247,8,stim
