,pauses,subject,condition
0,8.866666666666667,0,early_sd
1,6.25,1,early_sd
2,5.4,2,early_sd
3,6.95,3,early_sd
4,3.933333333333333,4,early_sd
5,6.766666666666667,5,early_sd
6,0.016666666666666666,6,early_sd
7,5.55,7,early_sd
8,0.0,8,early_sd
0,8.216666666666667,0,late_sd
1,4.783333333333333,1,late_sd
2,5.8,2,late_sd
3,6.716666666666667,3,late_sd
4,3.4,4,late_sd
5,8.816666666666666,5,late_sd
6,0.08333333333333333,6,late_sd
7,8.3,7,late_sd
8,0.016666666666666666,8,late_sd
