,contra_control,off_induction,subject
0,0.040342586499643125,0.03236673811975216,0
1,0.046968555721310166,0.038915906139968336,1
2,-0.01838784524435828,0.0146528390699249,2
