,contra_control,off_induction,subject
0,0.04277092098850851,-0.003986008715806931,0
1,0.02333383501624603,-0.002931200617690889,1
2,-0.013386913353944352,0.008442534263703935,2
