,contra_control,off_induction,subject
0,0.019642781411462605,0.02180438495936356,0
1,0.03481816165264455,0.01749630813953987,1
2,0.008309847993263387,-0.006317724275069807,2
