,contra_control,off_induction,subject
0,0.9409203,1.0517068,0
1,1.0310025,0.96300024,1
2,1.9261863,0.2907164,2
3,0.95482624,1.8501153,3
4,1.2567538,1.4904368,4
