,contra_control,off_induction,subject
0,-0.11047822,0.3257954,0
1,2.6601431,-2.5653837,1
2,1.5035992,4.079327,2
3,0.004670918,0.040210884,3
4,-5.952503,0.00996992,4
