,contra_control,off_induction,subject
0,2.0252895,1.6080035,0
1,1.3747361,1.2323405,1
2,1.2416999,1.1421744,2
