,contra_control,off_induction,subject
0,1.970613,1.5963278,0
1,1.5179157,1.3316932,1
2,1.2952858,1.1484435,2
