,contra_control,off_induction,subject
0,1.2956755,1.2922062,0
1,1.2594601,1.3066398,1
2,1.1022751,1.2673018,2
3,1.713784,1.7379602,3
