,contra_control,off_induction,subject
0,1.9207752,1.7905085,0
1,1.3283849,1.2334505,1
2,1.5689324,1.4314078,2
