,contra_control,off_induction,subject
0,1.1200276681784083,0.5733578777343371,0
1,1.1009875624751273,0.9552343764428292,1
2,1.007821322818034,0.8375827275036061,2
