,contra_control,off_induction,subject
0,1.0593635663270018,0.8113987466211796,0
1,1.072605772284159,0.9039945691959159,1
2,0.8629386583933203,0.8244372153492909,2
