,contra_control,off_induction,subject
0,1.169674511690087,1.3304691096604346,0
1,1.0285015301452212,0.978794548954009,1
2,0.7800116178954435,0.939731350013443,2
