,contra_control,off_induction,subject
0,1.01912197966907,0.8423554256796288,0
1,1.0320799521318424,0.7826270746481154,1
2,0.815567138463985,0.8499621549084357,2
