,contra_control,off_induction,subject
0,1.0799515,1.048799,0
1,0.98481894,0.96787566,1
2,1.2216773,1.5090176,2
3,1.5921831,1.5580268,3
4,1.0189333,1.4698204,4
